percentile,value
33%,0.013183549531314525
66%,0.015623672846175888
