split,label,count,percent
train,0,307,24.979658258746948
train,1,688,55.980471928397066
train,2,234,19.03986981285598
val,1,369,73.65269461077844
val,2,132,26.34730538922156
test,0,38,6.761565836298933
test,1,491,87.36654804270462
test,2,33,5.871886120996441
