metric,value
p25,-0.5924518504553636
p80,0.5266615490112567
threshold_gap,1.1191133994666203
