metric,value
p33,-0.4988497412551385
p66,0.22685942326789202
threshold_gap,0.7257091645230305
