model,1,3,5
Fair Flattened No-Graph,0.5959050775833852,0.5016919348725993,0.4228570050654927
GCN Attention,0.8935028581982914,0.8550713470457074,0.8081643369314602
HMM,0.4746235628036754,0.46847672620024,0.4593880898168478
Hierarchical Clustering,0.4499406198521243,0.449502067977541,0.4490589118838022
K-Means,0.5398459845984598,0.521592039800995,0.5033333333333333
Logistic Regression,0.94448160021481,0.891257732535302,0.8049255634700879
SVM RBF,0.9285977581146636,0.8620001085314825,0.7476663560911229
