model,1,3,5
Fair Flattened No-Graph,0.4967625248688732,0.4858038434680771,0.4319815322300823
GCN Attention,0.8517397429717075,0.7756286875783731,0.6941308880387037
HMM,0.6190104166666667,0.6189542483660131,0.5953630796150481
Hierarchical Clustering,0.3108150967332699,0.3107290671760586,0.3106423777564717
K-Means,0.6154491124788154,0.5960453495244747,0.3106423777564717
Logistic Regression,0.8004516510492606,0.7358908365197673,0.6661282160280156
SVM RBF,0.7932919653794405,0.7441626471477217,0.6886939349450704
