horizon,model,split,accuracy,macro_f1,weighted_f1,f1_calm,f1_normal,f1_turbulent
3,Fair Flattened No-Graph,Validation,0.796,0.679897593981034,0.7880174926199743,0.5742574257425742,0.8654353562005277,0.6
3,Fair Flattened No-Graph,Test,0.5223613595706619,0.5016919348725993,0.5429423401943021,0.5907990314769975,0.5046382189239332,0.40963855421686746
