horizon,model,split,accuracy,macro_f1,weighted_f1,f1_calm,f1_normal,f1_turbulent
1,Fair Flattened No-Graph,Validation,0.9241516966067864,0.9058270676691729,0.9254783665751204,0.0,0.9473684210526315,0.8642857142857143
1,Fair Flattened No-Graph,Test,0.8467023172905526,0.4967625248688732,0.8300569771636767,0.0,0.911340206185567,0.5789473684210527
