horizon,model,split,accuracy,macro_f1,weighted_f1,f1_calm,f1_normal,f1_turbulent
5,Fair Flattened No-Graph,Validation,0.8023952095808383,0.7731071678537609,0.8116697561277462,0.0,0.8546255506607929,0.6915887850467289
5,Fair Flattened No-Graph,Test,0.7755834829443446,0.43198153223008234,0.77992335598847,0.0,0.8645720476706392,0.43137254901960786
