horizon,model,split,accuracy,macro_f1,weighted_f1,f1_calm,f1_normal,f1_turbulent
1,Fair Flattened No-Graph,Validation,0.836,0.7799261411103515,0.8235774550011391,0.6041666666666666,0.8935064935064935,0.8421052631578947
1,Fair Flattened No-Graph,Test,0.6185383244206774,0.5959050775833852,0.6295003481000363,0.6591422121896162,0.6094890510948905,0.5190839694656488
