horizon,model,split,accuracy,macro_f1,weighted_f1,f1_calm,f1_normal,f1_turbulent
5,Fair Flattened No-Graph,Validation,0.724,0.559228135698724,0.7543320261437908,0.6554621848739496,0.8,0.2222222222222222
5,Fair Flattened No-Graph,Test,0.43447037701974867,0.42285700506549273,0.46298518298585656,0.5498783454987834,0.376984126984127,0.3417085427135678
