horizon,model,split,accuracy,macro_f1,weighted_f1,f1_calm,f1_normal,f1_turbulent
3,Fair Flattened No-Graph,Validation,0.8782435129740519,0.8491567168967578,0.8804911290345702,0.0,0.9153952843273232,0.7829181494661922
3,Fair Flattened No-Graph,Test,0.8264758497316637,0.4858038434680771,0.8176613286102338,0.0,0.8988529718456726,0.5585585585585585
