horizon,model,split,accuracy,macro_f1,weighted_f1,f1_calm,f1_normal,f1_turbulent
5,GCN Attention,Validation,0.93812375249501,0.9157923843914182,0.9363060829982061,0.0,0.9591567852437418,0.8724279835390947
5,GCN Attention,Test,0.9174147217235189,0.6941308880387037,0.9016861730642612,0.28,0.9539078156312625,0.8484848484848485
