horizon,model,split,accuracy,macro_f1,weighted_f1,f1_calm,f1_normal,f1_turbulent
1,GCN Attention,Validation,0.848,0.8194094565381951,0.8536679067897359,0.7445255474452555,0.8901734104046243,0.8235294117647058
1,GCN Attention,Test,0.8966131907308378,0.8935028581982914,0.895991388801169,0.9152542372881356,0.8733624454148472,0.8918918918918919
