horizon,model,split,accuracy,macro_f1,weighted_f1,f1_calm,f1_normal,f1_turbulent
3,GCN Attention,Validation,0.9520958083832335,0.934251968503937,0.9504549955207694,0.0,0.968503937007874,0.9
3,GCN Attention,Test,0.9373881932021467,0.7756286875783731,0.9268523257114745,0.4528301886792453,0.964964964964965,0.9090909090909091
